insert into TCATEGORIA (BDCODCAT, BDNOMECAT)
values (1, 'ELETRODOMESTICO');

insert into TCATEGORIA (BDCODCAT, BDNOMECAT)
values (2, 'ALIMENTICIO');

insert into TCATEGORIA (BDCODCAT, BDNOMECAT)
values (3, 'PRODUTO DE LIMPEZA');

----------------------------------------------------------------------

insert into TPRODUTO (BDCODPROD, BDCODCAT, BDNOMEPROD, BDPRECOUNIPROD)
values (100, 1, 'GELADEIRA', 699.99);

insert into TPRODUTO (BDCODPROD, BDCODCAT, BDNOMEPROD, BDPRECOUNIPROD)
values (101, 2, 'BANANA', 4.50);

insert into TPRODUTO (BDCODPROD, BDCODCAT, BDNOMEPROD, BDPRECOUNIPROD)
values (102, 3, 'SABAO EM PO', 7.99);

----------------------------------------------------------------------

insert into TCLIENTE (BDCODCLI, BDNOMECLI, BDCNPJCLI, BDCPFCLI, BDENDERECOCLI, BDFONECLI)
values (200, 'MARIA', '53.515.243/0001-29', '', 'RUA DAS PALMEIRAS, 157', '(86) 3677-1933');

insert into TCLIENTE (BDCODCLI, BDNOMECLI, BDCNPJCLI, BDCPFCLI, BDENDERECOCLI, BDFONECLI)
values (201, 'SIMONE', '', '507.019.970-60', 'RUA GABRIEL BEZERRA, 898', '(62) 3536-6328');

insert into TCLIENTE (BDCODCLI, BDNOMECLI, BDCNPJCLI, BDCPFCLI, BDENDERECOCLI, BDFONECLI)
values (202, 'VANESSA', '98.193.788/0001-02', '078.954.130-07', 'RUA AREIA, 792', '(85) 99250-8175');

----------------------------------------------------------------------

insert into TLOJA (BDCODLOJ, BDRAZAOSOCIALLOJ, BDCNPJLOJ, BDENDERECOLOJ, BDFONELOJ)
values (300, 'HAVAN', '30.264.169/0001-10', 'RUA JOAO MABONI', '(63) 2770-0077');

insert into TLOJA (BDCODLOJ, BDRAZAOSOCIALLOJ, BDCNPJLOJ, BDENDERECOLOJ, BDFONELOJ)
values (301, 'COOPER', '44.631.846/0001-03', 'AVENIDA GOIAS', '(63) 98824-9815');

insert into TLOJA (BDCODLOJ, BDRAZAOSOCIALLOJ, BDCNPJLOJ, BDENDERECOLOJ, BDFONELOJ)
values (302, 'GIASI', '69.965.523/0001-79', 'RUA DO CADEADO', '(83) 3877-5312');

----------------------------------------------------------------------

insert into TNOTA (BDNUMNOTA, BDCODCLI, BDCODLOJ, BDDATAEMISSAONOTA, BDSTATUSNOTA, BDDESCCANCELAMENTO,
                   BDDATACANCELAMENTO)
values (991, 200, 300, current_date, 'EMITIDA', '', null);

insert into TNOTA (BDNUMNOTA, BDCODCLI, BDCODLOJ, BDDATAEMISSAONOTA, BDSTATUSNOTA, BDDESCCANCELAMENTO,
                   BDDATACANCELAMENTO)
values (992, 201, 301, current_date, 'EMITIDA', '', null);

insert into TNOTA (BDNUMNOTA, BDCODCLI, BDCODLOJ, BDDATAEMISSAONOTA, BDSTATUSNOTA, BDDESCCANCELAMENTO,
                   BDDATACANCELAMENTO)
values (993, 202, 302, current_date, 'EMITIDA', '', null);

----------------------------------------------------------------------

insert into TNOTA_ITEM (BDCODPROD, BDNUMNOTA, BDQTDVENDIDA, BDVALORUNI)
values (100, 991, 1, 699.99);

insert into TNOTA_ITEM (BDCODPROD, BDNUMNOTA, BDQTDVENDIDA, BDVALORUNI)
values (101, 992, 6, 4.50);

insert into TNOTA_ITEM (BDCODPROD, BDNUMNOTA, BDQTDVENDIDA, BDVALORUNI)
values (102, 993, 2, 7.99);