delete from tmatricula_item;
delete from tmatricula;
delete from tdisciplina;
delete from tprofessor;
delete from taluno;
delete from tcidade;

insert into tcidade(bdcodcid, bdnomecid, bduf) values(1, 'Blumenau', 'SC');
insert into tcidade(bdcodcid, bdnomecid, bduf) values(2, 'Pomerode', 'SC');
insert into tcidade(bdcodcid, bdnomecid, bduf) values(3, 'Gaspar', 'SC');
insert into tcidade(bdcodcid, bdnomecid, bduf) values(4, 'Presidente Getúlio', 'SC');
insert into tcidade(bdcodcid, bdnomecid, bduf) values(5, 'Lontras', 'SC');
insert into tcidade(bdcodcid, bdnomecid, bduf) values(6, 'Jaraguá so Sul', 'SC');
insert into tcidade(bdcodcid, bdnomecid, bduf) values(7, 'Joinville', 'SC');
insert into tcidade(bdcodcid, bdnomecid, bduf) values(8, 'Curitiba', 'PR');
insert into tcidade(bdcodcid, bdnomecid, bduf) values(9, 'São José dos Pinhais', 'PR');
insert into tcidade(bdcodcid, bdnomecid, bduf) values(10, 'Cidade de Gaúcha', 'PR');
insert into tcidade(bdcodcid, bdnomecid, bduf) values(11, 'Santo Antônio do Sudoeste', 'PR');
insert into tcidade(bdcodcid, bdnomecid, bduf) values(12, 'Rio do Sul', 'SC');
insert into tcidade(bdcodcid, bdnomecid, bduf) values(13, 'São Paulo', 'SP');
insert into tcidade(bdcodcid, bdnomecid, bduf) values(14, 'Rio de Janeiro', 'RJ');
insert into tcidade(bdcodcid, bdnomecid, bduf) values(15, 'Belo Horizonte', 'MG');
insert into tcidade(bdcodcid, bdnomecid, bduf) values(16, 'Palmas', 'TO');
insert into tcidade(bdcodcid, bdnomecid, bduf) values(17, 'Vitória', 'ES');
insert into tcidade(bdcodcid, bdnomecid, bduf) values(18, 'Teresina', 'PI');
insert into tcidade(bdcodcid, bdnomecid, bduf) values(19, 'Brasília', 'DF');
insert into tcidade(bdcodcid, bdnomecid, bduf) values(20, 'Sorocaba', 'SP');

insert into taluno(bdcodalu, bdnomealu, bdenderecoalu, bdcodcid, bdfonealu) values(1000, 'Máximus Décimus Merídius', 'Rua XV de Novembro, 502, Centro', (select first 1 bdcodcid from tcidade where upper(bdnomecid) = 'BLUMENAU') , '(47) 3322-0044');
insert into taluno(bdcodalu, bdnomealu, bdenderecoalu, bdcodcid, bdfonealu) values(1001, 'Álvaro de Souza', 'Rua dos Caçadores, 600, Velha', (select first 1 bdcodcid from tcidade where upper(bdnomecid) = 'BLUMENAU'), '(47) 3557-7044');
insert into taluno(bdcodalu, bdnomealu, bdenderecoalu, bdcodcid, bdfonealu) values(1002, 'Zânio da Silva Sauro', 'Avenida Castelo Branco, 300, Centro', (select first 1 bdcodcid from tcidade where upper(bdnomecid) = 'BLUMENAU'), '(47) 3504-0778');
insert into taluno(bdcodalu, bdnomealu, bdenderecoalu, bdcodcid, bdfonealu) values(1003, 'Silvio Santos Vem Ai', 'Rua do SBT, 2, Centro', (select first 1 bdcodcid from tcidade where upper(bdnomecid) = 'SÃO PAULO'), '(11) 1422-3455');
insert into taluno(bdcodalu, bdnomealu, bdenderecoalu, bdcodcid, bdfonealu) values(1004, 'Andressa Soares', 'BR-470, km 43', (select first 1 bdcodcid from tcidade where upper(bdnomecid) = 'POMERODE'), '(47) 99744-0704');
insert into taluno(bdcodalu, bdnomealu, bdenderecoalu, bdcodcid, bdfonealu) values(1005, 'Vanessa da Matta', 'Marginal Luis Inácio Lula da Silva, 171, Carcerários', (select first 1 bdcodcid from tcidade where upper(bdnomecid) = 'SÃO PAULO'), '(11) 2772-8870');
insert into taluno(bdcodalu, bdnomealu, bdenderecoalu, bdcodcid, bdfonealu) values(1006, 'Rodolfo Rodrigues', 'Rua das Cabras Cegas, 100, Sororoca', (select first 1 bdcodcid from tcidade where upper(bdnomecid) = 'RIO DE JANEIRO'), '(21) 7557-7701');
insert into taluno(bdcodalu, bdnomealu, bdenderecoalu, bdcodcid, bdfonealu) values(1007, 'Lei de Gaga', 'Rua Central do Centro, 801, Centro', (select first 1 bdcodcid from tcidade where upper(bdnomecid) = 'RIO DE JANEIRO'), '(21) 3357-7071');
insert into taluno(bdcodalu, bdnomealu, bdenderecoalu, bdcodcid, bdfonealu) values(1008, 'Agostinho Salazar', 'Rua XX de Outubro, 1, Mooca', (select first 1 bdcodcid from tcidade where upper(bdnomecid) = 'SÃO PAULO'), '(11) 1322-0044');
insert into taluno(bdcodalu, bdnomealu, bdenderecoalu, bdcodcid, bdfonealu) values(1009, 'Silva Otomanov', 'Avenida Rio Branco, 70, Carapicuiba do Oeste', (select first 1 bdcodcid from tcidade where upper(bdnomecid) = 'TERESINA'), '(86) 1741-7874 ');

insert into TPROFESSOR(bdcodprof, bdnomeprof, bdfone, bdenderecoprof, bdcodcid) values (100, 'Rogério Capoerista', '(47) 97741-0701', 'Rua Antônio da Veiga, 80, Victor Konder', (select first 1 bdcodcid from tcidade where upper(bdnomecid) = 'BLUMENAU'));
insert into TPROFESSOR(bdcodprof, bdnomeprof, bdfone, bdenderecoprof, bdcodcid) values (101, 'Solange Castro-Alves', '(47) 90021-0701', 'Rua das Palmeiras, 25, Vorstadt', (select first 1 bdcodcid from tcidade where upper(bdnomecid) = 'BLUMENAU'));
insert into TPROFESSOR(bdcodprof, bdnomeprof, bdfone, bdenderecoprof, bdcodcid) values (102, 'Adriana Silva', '(47) 90047-8777', 'Rua Emiliano Cândido Marques, 1744, Centro', (select first 1 bdcodcid from tcidade where upper(bdnomecid) = 'LONTRAS'));
insert into TPROFESSOR(bdcodprof, bdnomeprof, bdfone, bdenderecoprof, bdcodcid) values (103, 'Maria do Bairro', '(41) 98774-0732', 'Rua Saraiva, 400, Tessalonicenses', (select first 1 bdcodcid from tcidade where upper(bdnomecid) = 'SANTO ANTÔNIO DO SUDOESTE'));
insert into TPROFESSOR(bdcodprof, bdnomeprof, bdfone, bdenderecoprof, bdcodcid) values (104, 'Rafaeli Portugal', '(21) 92777-3104', 'Rua Marechal Carvalho, 3000, Centro', (select first 1 bdcodcid from tcidade where upper(bdnomecid) = 'RIO DE JANEIRO'));
insert into TPROFESSOR(bdcodprof, bdnomeprof, bdfone, bdenderecoprof, bdcodcid) values (105, 'Carlos da Silva', '(47) 90147-0477', 'Rua Ricardo Momentinho Paramim, 12, Itoupava Central', (select first 1 bdcodcid from tcidade where upper(bdnomecid) = 'BLUMENAU'));

insert into TDISCIPLINA(BDCODDISC, BDNOMEDISC, BDCODPROF) values (900, 'Banco de dados', 103);
insert into TDISCIPLINA(BDCODDISC, BDNOMEDISC, BDCODPROF) values (901, 'Costura e Lazer', 105);
insert into TDISCIPLINA(BDCODDISC, BDNOMEDISC, BDCODPROF) values (902, 'Arranjos Florais I', 101);
insert into TDISCIPLINA(BDCODDISC, BDNOMEDISC, BDCODPROF) values (903, 'Arranjos Florais II', 103);
insert into TDISCIPLINA(BDCODDISC, BDNOMEDISC, BDCODPROF) values (904, 'Estrutura de Dados I', 100);
insert into TDISCIPLINA(BDCODDISC, BDNOMEDISC, BDCODPROF) values (905, 'Capoeira Básica', 100);
insert into TDISCIPLINA(BDCODDISC, BDNOMEDISC, BDCODPROF) values (906, 'Capoeira Avançada', 100);
insert into TDISCIPLINA(BDCODDISC, BDNOMEDISC, BDCODPROF) values (907, 'Clonagem de Dados I', 104);
insert into TDISCIPLINA(BDCODDISC, BDNOMEDISC, BDCODPROF) values (908, 'Decoração com Lantejoulas I', 104);
insert into TDISCIPLINA(BDCODDISC, BDNOMEDISC, BDCODPROF) values (909, 'Decoração com Lantejoulas II', 104);
insert into TDISCIPLINA(BDCODDISC, BDNOMEDISC, BDCODPROF) values (910, 'Decoração com Lantejoulas I', 104);
insert into TDISCIPLINA(BDCODDISC, BDNOMEDISC, BDCODPROF) values (911, 'Administração', 100);
insert into TDISCIPLINA(BDCODDISC, BDNOMEDISC, BDCODPROF) values (912, 'Economia Doméstica e Caseira', 101);
insert into TDISCIPLINA(BDCODDISC, BDNOMEDISC, BDCODPROF) values (913, 'Metodologia de Processos', 102);
insert into TDISCIPLINA(BDCODDISC, BDNOMEDISC, BDCODPROF) values (914, 'Arranjos Florais III', 103);

insert into TMATRICULA(BDCODALU) values (1009);
insert into TMATRICULA(BDCODALU) values (1007);
insert into TMATRICULA(BDCODALU) values (1005);
insert into TMATRICULA(BDCODALU) values (1006);
insert into TMATRICULA(BDCODALU) values (1008);
insert into TMATRICULA(BDCODALU) values (1003);
insert into TMATRICULA(BDCODALU) values (1000);
insert into TMATRICULA(BDCODALU) values (1001);
insert into TMATRICULA(BDCODALU) values (1002);
insert into TMATRICULA(BDCODALU) values (1004);